{
  "model_type": "AdvancedGRU_MultiTask",
  "version": "v1.0",
  "feature_count": 53,
  "feature_names": [
    "returns",
    "returns_2",
    "returns_3",
    "price_acceleration",
    "price_momentum_5",
    "price_momentum_10",
    "price_momentum_20",
    "sma_ratio_5",
    "sma_ratio_10",
    "sma_ratio_20",
    "sma_ratio_50",
    "sma_slope_5",
    "sma_slope_10",
    "sma_slope_20",
    "sma_slope_50",
    "volatility_5",
    "volatility_10",
    "volatility_20",
    "volatility_ratio_5",
    "volatility_ratio_10",
    "volatility_ratio_20",
    "rsi",
    "rsi_oversold",
    "rsi_overbought",
    "bb_position",
    "bb_squeeze",
    "macd",
    "macd_signal",
    "macd_histogram",
    "volume_ratio",
    "volume_momentum",
    "vwap_deviation",
    "high_low_ratio",
    "open_close_ratio",
    "gap",
    "hour",
    "day_of_week",
    "is_monday",
    "is_friday",
    "trend_strength",
    "price_range_20",
    "close_lag_1",
    "close_lag_2",
    "close_lag_3",
    "close_lag_5",
    "returns_lag_1",
    "returns_lag_2",
    "returns_lag_3",
    "returns_lag_5",
    "volatility_5_lag_1",
    "volatility_5_lag_2",
    "volatility_5_lag_3",
    "volatility_5_lag_5"
  ],
  "sequence_length": 64,
  "hidden_dim": 128,
  "num_heads": 8,
  "scaler_mean": [
    2.3536992468617896e-06,
    2.353541879432271e-06,
    2.3533804713560077e-06,
    4.1388520706857894e-10,
    1.2904842640619846e-05,
    2.580173127595706e-05,
    5.1646174162045334e-05,
    1.000004798977177,
    1.0000108630918303,
    1.000023035285515,
    1.0000594070830247,
    0.004995992039792576,
    0.004998520713314103,
    0.005002814596369435,
    0.005002255010330739,
    0.00044046229833165444,
    0.00046476874069907256,
    0.0004834173999278125,
    0.9375988963159249,
    0.9756993863269259,
    1.0,
    51.088900884801255,
    0.10922939807608759,
    0.13715198788318322,
    0.5156619143840524,
    0.0008393521795665878,
    0.006996639752765959,
    0.006998373051680075,
    -1.733298915829635e-06,
    1.0097280415144303,
    1.3520068312364066,
    4.075969919818899e-05,
    0.0006685739999999557,
    1.2294650907391043e-06,
    1.3547261385788776e-06,
    0.0,
    0.0,
    0.0,
    0.0,
    1.794393900813675e-05,
    0.0028006008708780536,
    419.50297023898077,
    419.50197108447657,
    419.500971905652,
    419.4989734653669,
    2.353541879432271e-06,
    2.3533804713560077e-06,
    2.3531863332304726e-06,
    2.3525370717486118e-06,
    0.000440464783013005,
    0.0004404672779804723,
    0.0004404697763101791,
    0.0004404747679685963
  ],
  "scaler_scale": [
    0.0006755721723612042,
    0.0006755743868938085,
    0.0006755765572107212,
    0.0009582901442622453,
    0.0015075378341909958,
    0.0021247180323963346,
    0.0030035774733165855,
    0.0007383188849297464,
    0.001136618071381132,
    0.0016700308927024938,
    0.0026890980839322258,
    0.5054819775594118,
    0.396188028261012,
    0.2931575415596124,
    0.18899259144393638,
    0.0005127798242535106,
    0.0004909319482267531,
    0.00047227381003815547,
    0.3460825286542327,
    0.20850323419758066,
    1.0,
    16.749423667378675,
    0.31192681307301273,
    0.3440077326261111,
    0.3251252505059025,
    0.0009374443715602787,
    0.31010194707481015,
    0.292313249577929,
    0.09259079027164191,
    0.6236984637127481,
    1.9346941472095072,
    0.0015498216750204946,
    0.0005538458539063755,
    0.0005264380834836135,
    0.00042865229203110596,
    1.0,
    1.0,
    1.0,
    1.0,
    0.0013050694099056156,
    0.002720084873631337,
    90.1674350241628,
    90.16719551119871,
    90.16695589743738,
    90.16647636942727,
    0.0006755743868938085,
    0.0006755765572107212,
    0.0006755787706144506,
    0.0006755832170309763,
    0.0005127804620574265,
    0.0005127810943498943,
    0.0005127817180280274,
    0.0005127829675703244
  ],
  "training_samples": 233856,
  "validation_samples": 58465,
  "epochs_trained": 1,
  "best_val_loss": 0.8707828221748903,
  "output_tasks": [
    "direction",
    "magnitude",
    "confidence",
    "volatility",
    "regime"
  ],
  "created_at": 1758541540
}